"Species","dryWeight.mean","dryWeight.max","dryWeight.sd","nsamples","trait.db.name","taxonID"
"Acanthomysis",1.29998528762689,1.29998528762689,NA,1,"Acanthomysis",3460
"Acartia arbruta",0.007212771495732,0.00890605988384491,0.00152902276929272,332,"Acartia (Acanthacartia) tonsa",334
"Acartia californiensis",0.0041954197035605,0.00500336046598462,0.000951368371748227,13,"Acartia (Acanthacartia) californiensis",323
"Acartia danae",0.00624361619274588,0.00701384147476879,0.00110669140735546,114,"Acartia (Acartia) danae",337
"Acartia hudsonica",0.00428009203703525,0.0045541354488027,0.000241240828108364,491,"Acartia (Acartiura) hudsonica",350
"Acartia longiremis",0.00555615154349441,0.00701754385964912,0.000713844521318527,2684,"Acartia (Acartiura) longiremis",352
"Aeginidae",3.92874048196186,21.0893271461717,3.42796244183565,192,"Aeginidae",3067
"Aegisthus mucronatus",0.277309017890344,0.294105437941054,0.061068526242719,71,"Aegisthus mucronatus",3650
"Aequorea",72.7046737212002,83.4904458598726,25.6378367250238,168,"Aequorea",3072
"Aetideopsis multiserrata",0.213345039508341,0.213345039508341,NA,1,"Aetideopsis multiserrata",405
"Aetideopsis rostrata",0.624979232430636,0.624979232430636,NA,1,"Aetideopsis rostrata",408
"Aetideus arcuatus",0.00915399069555199,0.0269929225873704,0.00404635232045307,70,"Aetideus arcuatus",412
"Aetideus divergens",0.0358311872567737,0.0500676589986468,0.00946531155318116,334,"Aetideus divergens",416
"Aetideus pacificus",0.034956268824928,0.0520430107526882,0.0100231812683466,437,"Pseudochirella pacifica",1921
"Agalma elegans",1.52330569561281,1.6003963011889,0.216044251776001,115,"Agalma elegans",5004
"Aglantha",2.04014708249167,3.22069754145226,0.634373641711005,1529,"Aglantha",3078
"Aglaura hemistoma",1.05359736044046,1.90007733952049,0.774771039657327,14,"Aglaura hemistoma",3081
"Alacia alata",0.300001771693798,0.300028145229384,2.38317433524778e-05,4,"Alacia alata",4362
"Alacia minor",0.100000080364825,0.100101368474404,1.45785363593175e-05,101,"Alacia minor",4367
"Alacia pseudoalata",0.399996799905791,0.400099034414459,2.44776167296772e-05,147,"Alacia major",4366
"Alienacanthomysis macropsis",1.60602413052564,2.36035242290749,0.55426912525732,18,"Alienacanthomysis macropsis",3465
"Amblyops abbreviata",1.85594749792767,2.36036671368124,0.690172213748494,5,"Amblyops abbreviatus",3468
"Amphicaryon acaule",0.500005018820577,0.500005018820577,NA,1,"Amphicaryon acaule",5008
"Amphicaryon ernesti",1.00971540598361,3.40033500837521,0.53903516741182,36,"Amphicaryon ernesti",5009
"Amphinomidae",0.0220004134370139,0.0220103794766094,4.17340992247288e-06,27,"Amphinomidae",4584
"Archiconchoecia",0.0996515679442509,0.0996515679442509,NA,1,"Archiconchoecia",4377
"Arietellus pacificus",0.446945337620579,0.446945337620579,NA,1,"Arietellus pacificus",478
"Arietellus plumifer",2.16806205339355,2.21300256629598,0.221972412390471,52,"Arietellus plumifer",480
"Arietellus simplex",2.28259216026415,2.3532501641497,0.0999255073851578,2,"Arietellus simplex",482
"Ascidiacea",0.0179999567163331,0.0180027639098119,1.10119001321626e-06,32,"Ascidiacea",5333
"Atlanta californiensis",0.112024424278487,0.800017269665832,0.090366421265028,60,"Atlanta californiensis",5344
"Atrophia minuta",0.0027101858406766,0.0093104090373037,0.00218911013491233,34,"Atrophia minuta",3680
"Augaptilus glacialis",0.763686636585097,0.858638743455498,0.138105859130301,15,"Augaptilus glacialis",491
"Aulopiformes",7.40064626995051,7.40141342756184,0.00108492469842182,2,"Aulopiformes",5353
"Axiidae",0.204497822527711,0.28301735218509,0.083911147763841,8,"Axiidae",2710
"Bargmannia",6.99970376221981,6.99970376221981,NA,1,"Bargmannia",5019
"Beloniformes",5.49798071912454,7.29859301719646,2.54645033250909,2,"Beloniformes",5370
"Beroe",3.03630214148042,3.50173010380623,0.785712030955321,129,"Beroe",2591
"Bivalvia",0.000600253428068597,0.00066919473566808,4.8880050249019e-06,812,"Bivalvia",5373
"Boreomysis",5.59954178713924,5.60113728675873,0.00225637720064672,2,"Boreomysis",3487
"Boroecia",0.233354666457239,0.260081391046985,0.0462231114560251,3,"Boroecia",4387
"Bougainvillia",0.797433169223882,3.45571302037201,0.890800835640426,34,"Bougainvillia",3107
"Brachyscelus",2.54380967792184,3.19989633724948,1.31150627662971,4,"Brachyscelus",18
"Bradyidius saanichi",0.174527230819838,0.243010224948875,0.0539384943666411,13,"Bradyidius saanichi",573
"Bradyidius similis",0.132752543455946,0.180002423459084,0.0314999200045045,4,"Bradyidius similis",574
"Caecosagitta macrocephala",0.656019358741682,0.656019358741682,NA,1,"Caecosagitta macrocephala",2517
"Caesaromysis hispida",5.0203616440929,5.60184574818721,1.53999388923593,38,"Caesaromysis hispida",3500
"Calanus marshallae",0.30016602766384,0.440026302556763,0.0655333142447664,2325,"Calanus marshallae",635
"Calanus pacificus",0.137586340455486,0.213035411793176,0.0408137191124286,1672,"Calanus pacificus",636
"Caligus clemensi",0.395042731739202,0.460220784164446,0.158459728322685,13,"Caligus clemensi",3702
"Callianassidae",1.88761588676299,2.90033222591362,0.919654955916704,72,"Callianassidae",2714
"Calliopius",5.53154954831148,8.64240102171137,2.42585865804425,46,"Calliopius",24
"Calocalanus pavoninus",0.00770681938413476,0.00802556818181818,0.000729824523502561,103,"Calocalanus pavoninus",674
"Calocalanus styliremis",0.00287280574190907,0.0030241935483871,0.000353409547102303,219,"Calocalanus styliremis",683
"Calocalanus tenuis",0.0052129694349928,0.00671649502290497,0.00197318574702103,69,"Calocalanus tenuis",685
"Calycopsis nematophora",5.70153846153846,5.70153846153846,NA,1,"Calycopsis nematophora",3127
"Cancer antennarius",2.39967552172974,2.40005984440455,0.000543514339041185,2,"Romaleon antennarium",2974
"Cancer productus",3.32800938903359,4.10384615384615,1.0441641202586,533,"Cancer productus",2718
"Candacia bipinnata",0.0807266337173895,0.120720320142285,0.0308011921650699,52,"Candacia bipinnata",693
"Candacia columbiae",0.596946966619737,0.655892255892256,0.09248060881119,353,"Candacia columbiae",698
"Carinariidae",3.48354100473162,13.3518041237113,4.40246800564666,59,"Carinariidae",5407
"Centraugaptilus horridus",2.09419795221843,2.09419795221843,NA,1,"Centraugaptilus horridus",733
"Centraugaptilus porcellus",3.32023366967605,3.32023366967605,NA,1,"Centraugaptilus porcellus",736
"Centropages abdominalis",0.0136135869461209,0.0190650300339514,0.00386316536732718,1445,"Centropages abdominalis",739
"Centropages bradyi",0.0148536424784008,0.0210096126172797,0.00534698833255353,4,"Centropages bradyi",746
"Chaetopterus",0.0219997263800424,0.0220214869848736,3.46251168151675e-06,184,"Chaetopterus",5421
"Chelophyes appendiculata",4.28182626443156,5.40153631284916,1.91510891264817,11,"Chelophyes appendiculata",5031
"Cheloscina",0.576550387596899,0.576550387596899,NA,1,"Cheloscina",36
"Chiridiella pacifica",0.414013392374987,0.414013392374987,NA,1,"Chiridiella pacifica",792
"Chiridius gracilis",0.201667383354602,0.312010805112663,0.0784366860438691,158,"Chiridius gracilis",799
"Chiridius pacificus",0.274995920365535,0.39999184073107,0.176770925822247,2,"Chiridius pacificus",804
"Chirundina streetsi",1.77198081772541,1.9375,0.364695143092104,32,"Chirundina streetsii",810
"Cirripedia",0.0816221740939687,0.450233800935204,0.0908865006764199,1590,"Cirripedia",5441
"Clausocalanus arcuicornis",0.0151863492028723,0.0180375861743319,0.00371477244109093,400,"Clausocalanus arcuicornis arcuicornis",815
"Clausocalanus dubius",0.0490022898266274,0.0490022898266274,NA,1,"Clausocalanus dubius",817
"Clausocalanus furcatus",0.0362813052041133,0.0380048594874616,0.00269065164501333,12,"Clausocalanus furcatus",819
"Clausocalanus lividus",0.0315830641125493,0.038019671047194,0.00622564961057006,294,"Clausocalanus lividus",823
"Clausocalanus mastigophorus",0.0265271908620811,0.03140051858715,0.003302436012597,11,"Clausocalanus mastigophorus",824
"Clausocalanus parapergens",0.00756152422159291,0.00803033682801695,0.000752444102167157,564,"Clausocalanus parapergens",826
"Clausocalanus paululus",0.00427515739381963,0.00452209660842754,0.000383071498244779,69,"Clausocalanus paululus",827
"Clausocalanus pergens",0.00478317130838084,0.00505902192242833,0.000413594662712184,552,"Clausocalanus pergens",828
"Cleonardo",0.839841539332201,0.839841539332201,NA,1,"Cleonardo",38
"Clio andreae",3.50032864669973,3.50081300813008,0.000684990503887978,2,"Clio andreae",4789
"Clio pyramidata",5.92105259286854,14.0039551746869,4.44058093619404,239,"Clio pyramidata",4792
"Clio recurva",11.817859603415,14.0104947526237,4.11754067302697,22,"Clio recurva",4793
"Clione limacina",3.11976068334356,7.60281469898358,2.16346690679097,849,"Clione limacina",4796
"Cliopsis krohnii",2.93292100052657,3.5997150997151,1.1546850831236,3,"Cliopsis krohnii",4801
"Clupeiformes",3.54050736563119,21,4.54071402282811,94,"Clupeiformes",5456
"Clytemnestra",0.017373553158157,0.0190739886171358,0.00296062175789063,70,"Clytemnestra",3735
"Clytia",13.5279679018596,23.1070811744387,7.80941263423294,1124,"Clytia",3148
"Conaea rapax",0.00299787877918392,0.00300497968061359,4.45941959831992e-06,5,"Conaea rapax",3745
"Conchoecetta acuminata",0.2,0.2,NA,1,"Conchoecetta acuminata",4393
"Conchoecetta giesbrechti",0.200016886672129,0.200345423143351,8.3317229855242e-05,37,"Conchoecetta giesbrechti",4394
"Conchoecia hyalophyllum",0.2000034510393,0.200007694675285,4.03712389430101e-06,4,"Hyalocoecia hyalophyllum",4458
"Conchoecia lophura",0.199996133897707,0.200088731144632,5.96710425475865e-05,39,"Lophuroecia lophura",4463
"Conchoecia macrocheira",0.32998803847827,0.330188679245283,0.000115436435197776,13,"Macrochoecilla macrocheira",4469
"Conchoecia rudjakovi",0.200000952062678,0.200342465753425,2.36086932752219e-05,513,"Conchoecia rudyakovi",4397
"Conchoecilla daphnoides",0.29334411496854,0.520313613684961,0.112682783285388,29,"Conchoecilla daphnoides",4403
"Conchoecissa",0.230010681181963,0.230015210410681,6.40529668005452e-06,2,"Conchoecissa",4404
"Corolla spectabilis",11.7616625096658,15.6326129666012,6.01187034760868,89,"Corolla spectabilis",4805
"Corycaeus anglicus",0.00228143470090928,0.00302626800629464,0.000305287249333414,1203,"Ditrichocorycaeus anglicus",3838
"Crangonidae",1.28253266711709,10.1006912011956,1.64547940498425,317,"Crangonidae",2736
"Cranocephalus",6.5,6.5,NA,1,"Cranocephalus",39
"Crossota",2.55999560687106,3.22113821138211,0.762359809241589,4,"Crossota",3167
"Ctenocalanus vanus",0.00886707746953481,0.0120262975038751,0.00195622398497669,832,"Ctenocalanus vanus",857
"Cumacea",0.452869201956585,2.05996202609175,0.499508538614954,104,"Cumacea",5485
"Cyclosalpa bakeri",3.81829491161574,4.50218818380744,0.902706430272922,140,"Cyclosalpa bakeri",5188
"Cyphocaris anonyx",4.20049534185918,4.2014598540146,0.00103353243981169,4,"Cyphocaris anonyx",47
"Cyphocaris challengeri",3.50719917929199,5.70261780104712,1.19905962923697,729,"Cyphocaris challengeri",48
"Cyphocaris richardi",9.85236288224746,15.5054570259209,7.99468240735486,2,"Cyphocaris richardi",50
"Cystisoma fabricii",6.4,6.4,NA,1,"Cystisoma fabricii",52
"Dairella californica",5.74451829662233,6.10361842105263,0.665242655907521,6,"Dairella californica",55
"Dimophyes arctica",0.58405657697742,1.30002158428664,0.0391313177526241,1036,"Dimophyes arctica",5049
"Discoconchoecia elegans",0.0999998095682093,0.100051930067509,5.35820306849266e-06,1025,"Discoconchoecia elegans",4428
"Discoconchoecia pseudodiscophora",0.0999999716635417,0.100057836899942,1.34146768248835e-05,55,"Discoconchoecia pseudodiscophora",4429
"Disseta scopularis",5.44897959183674,5.44897959183674,NA,1,"Disseta scopularis",899
"Doliolidae",0.171020471284678,0.500234411626817,0.164746717951701,481,"Doliolidae",5198
"Doliopsis",0.0736930487513034,0.0801050558108996,0.0155548247356796,67,"Doliopsis",5209
"Dryodora glandiformis",1.2558624283481,1.2558624283481,NA,1,"Dryodora glandiformis",2619
"Eperetmus typus",4.30072309655466,4.30072309655466,NA,1,"Eperetmus typus",3195
"Epialtidae",0.149841795093521,0.283203785062521,0.0596098399100686,25,"Epialtidae",2752
"Epilabidocera longipedata",0.0878158969983903,0.131142098273572,0.0394459774278822,187,"Epilabidocera longipedata",931
"Euaugaptilus nodifrons",1.56001256265426,1.56028880866426,0.000202927904902905,5,"Euaugaptilus nodifrons",981
"Eucalanus bungii",0.415373996128783,0.680722891566265,0.178713106527369,2452,"Eucalanus bungii",1009
"Eucalanus californicus",0.942651501356141,1.01057401812689,0.12633406431207,841,"Eucalanus californicus",1010
"Eucalanus hyalinus",0.823077863884213,1.20044709388972,0.353812376901438,247,"Eucalanus hyalinus",1012
"Euchaeta media",0.28396968389285,0.319005568552506,0.092587853329115,7,"Euchaeta media",1023
"Euchaetomera tenuis",3.62937749608769,5.06104417670683,2.47793960387202,3,"Euchaetomera tenuis",3515
"Euchaetomeropsis pacifica",2.91450591031375,5.06110351117191,3.03574744009116,2,"Euchaetomeropsis pacifica",3520
"Euchirella bitumida",2.93994490358127,2.93994490358127,NA,1,"Euchirella bitumida",1036
"Euchirella curticauda",0.838588186291548,1.01053555750658,0.260509352551938,22,"Euchirella curticauda",1037
"Euchirella formosa",1.60012940967634,1.85297297297297,0.343355521910996,12,"Euchirella formosa",1038
"Euchirella grandicornis",2.65586364368573,3.5206321334504,0.648410512347188,16,"Euchirella grandicornis",1040
"Euchirella maxima",5.30028531095552,8.10424710424711,2.9249160786394,12,"Euchirella maxima",1043
"Euchirella pseudopulchra",0.874790518963073,0.948243294295429,0.124159559759182,135,"Euchirella pseudopulchra",1047
"Euchirella rostrata",0.45995428594674,0.503770739064857,0.0778456865763374,278,"Euchirella rostrata",1050
"Eukrohnia bathypelagica",1.4,1.4,NA,1,"Eukrohnia bathypelagica",2523
"Eukrohnia fowleri",2.04000897171811,3.90002118195298,2.63045449389371,2,"Eukrohnia fowleri",2525
"Eukrohnia hamata",0.792107991844356,1.4003416856492,0.380551684950657,2088,"Eukrohnia hamata",2526
"Euphausia pacifica",2.5436102926941,8.50471204188482,2.82077718472309,2406,"Euphausia pacifica",3023
"Euphausia recurva",8.75115919629057,8.75115919629057,NA,1,"Euphausia recurva",3024
"Euphysa",1.39150042287701,2.301329394387,0.475176610206971,153,"Euphysa",3202
"Eurytemora",0.00396217166966483,0.00440083908749235,0.000524326252062146,4,"Eurytemora",1058
"Eutonina indicans",15.4592860692427,16.8755868544601,3.1469785750783,426,"Eutonina indicans",3212
"Evadne",0.00500014465176151,0.0050251256281407,2.0791155871446e-06,589,"Evadne",2577
"Fellia bicornis",0.100030957830267,0.100361663652803,0.000144359259793559,14,"Fellia bicornis",4437
"Fellia dispar",0.2,0.2,NA,1,"Fellia dispar",4439
"Foersteria purpurea",5.32587645296806,9.80177514792899,6.3298766382218,2,"Earleria purpurea",3187
"Fritillaria borealis",0.0100001339208528,0.010039813051757,2.97466273166735e-06,694,"Fritillaria borealis",280
"Fritillaria pellucida",0.0199995189436978,0.0200219260285038,7.966835232494e-06,135,"Fritillaria pellucida",284
"Gadiformes",1.87609992125074,10.400558269365,2.67952423367573,100,"Gadiformes",5584
"Gaetanus armiger",0.390996223043496,0.390996223043496,NA,1,"Gaetanus armiger",1098
"Gaetanus brevispinus",0.492006837606838,0.492006837606838,NA,1,"Gaetanus brevispinus",1103
"Gaetanus miles",0.525229410489462,0.789324247586598,0.315465910518197,6,"Gaetanus miles",1109
"Gaetanus minutus",0.228838915855832,0.363016247054446,0.0682682898948737,127,"Gaetanus minutus",1112
"Gaetanus pileatus",0.982987918956941,0.982987918956941,NA,1,"Gaetanus pileatus",1114
"Gaetanus pungens",0.386448736482832,0.419019678642354,0.0555474942982388,57,"Gaetanus pungens",1116
"Gaetanus simplex",0.261153179285816,0.419023649728348,0.0913209189199528,293,"Gaetanus simplex",1120
"Gaetanus tenuispinus",0.437076170331957,0.549006139183446,0.115414712767486,20,"Gaetanus tenuispinus",1121
"Galatheidae",2.87031710813524,6.5010162601626,2.08344997959521,431,"Galatheidae",2765
"Gastropteron pacificum",1.60007657586866,1.60012594458438,4.64710839566201e-05,3,"Gastropteron pacificum",5594
"Gaussia intermedia",4.36977947642975,5.7898916967509,1.4223084722617,5,"Gaussia intermedia",1126
"Gaussia princeps",4.29838485101643,5.78769841269841,1.93784510700826,3,"Gaussia princeps",1127
"Gaussicia edentata",0.099889012208657,0.099889012208657,NA,1,"Gaussicia edentata",4441
"Glebocarcinus oregonensis",2.76449915945479,2.80091012514221,0.0960417068777567,210,"Glebocarcinus oregonensis",2781
"Gonionemus vertens",1.0648937243157,1.24977252047316,0.26145810092109,2,"Gonionemus vertens",3221
"Grapsidae",0.0990909286219249,0.125972301271106,0.00944737501074567,10,"Grapsidae",2783
"Halicreas minimum",2.49947368421053,2.49947368421053,NA,1,"Halicreas minimum",3227
"Haliscera conica",7.00070175438596,7.00140350877193,0.000992430570086009,2,"Haliscera conica",3234
"Halocypris",0.20016339869281,0.20016339869281,NA,1,"Halocypris",4454
"Haloptilus",0.386435930639515,0.5,0.187652350124971,5,"Haloptilus",1138
"Heteroptilus",0.219063398459099,0.219360568383659,0.000282892469541051,4,"Heteroptilus",1168
"Heterorhabdus abyssalis",0.0634107247999115,0.0720057850492633,0.0114035004865048,11,"Heterorhabdus abyssalis",1173
"Heterorhabdus clausi",0.0519963426704192,0.0569956883438415,0.00707014245434499,2,"Heterorhabdus clausi",1180
"Heterorhabdus pacificus",0.149003564832711,0.149003564832711,NA,1,"Heterorhabdus pacificus",1193
"Heterorhabdus papilliger",0.16790409685579,0.219013378912006,0.0294643694995891,84,"Heterorhabdus papilliger",1194
"Heterorhabdus tanneri",0.184526630582813,0.219034289713086,0.0323331284454264,356,"Heterorhabdus tanneri",1205
"Heterostylites longicornis",0.0932419734463451,0.13001762287057,0.0311616812450547,46,"Heterostylites longicornis",1209
"Heterostylites major",0.415313283268106,0.429264909847434,0.0524284697047682,46,"Heterostylites major",1211
"Hippolytidae",0.998588528897406,19.0992113965912,1.29966155602643,521,"Hippolytidae",2799
"Holmesiella anomala",2.1281238309308,2.59424326833798,0.788538627844163,13,"Holmesiella anomala",3541
"Holothuroidea",0.0190398164542215,0.0200071788629305,0.00379352375062645,75,"Holothuroidea",5666
"Hormiphora",5.19587357687811,6.30371352785146,1.97864323938856,27,"Hormiphora",2634
"Hybocodon",0.799992551196288,0.800022469385462,3.56774668245529e-05,26,"Hybocodon",3245
"Hyperia medusarum",6.0852515434322,6.65365853658537,1.50811715068462,72,"Hyperia medusarum",88
"Hyperia spinigera",6.29898683337584,6.29924692826001,0.000367829712694252,2,"Hyperia spinigera",89
"Hyperoche mediterranea",0.348732803278934,0.390069771215317,0.0494318963297904,81,"Hyperoche mediterranea",96
"Hyperoche medusarum",8.17521367169371,8.64488636363636,1.75418196110479,258,"Hyperoche medusarum",97
"Ihlea punctata",1.19376417181236,1.37751547987616,0.259863591967619,2,"Ihlea punctata",5216
"Inusitatomysis insolita",0.906372481309549,1.06539235412475,0.267272632453767,10,"Inusitatomysis insolita",3547
"Labidocera",0.0500019036506576,0.0899993670485474,0.0346388194709365,3,"Labidocera",1241
"Lampeidae",2.48347690570868,5.18466353677621,1.79950101502204,8,"Lampeidae",2645
"Lensia achilles",1.19989370183724,1.2998324958124,0.141334454691375,4,"Lensia achilles",5089
"Lensia conoidea",5.15126870670891,5.2027027027027,0.349168189543714,354,"Lensia conoidea",5093
"Lensia multicristata",5.19979310493148,5.20026263952725,0.00044726693108794,3,"Lensia multicristata",5106
"Lepeophtheirus salmonis",0.2,0.2,3.92523114670944e-17,2,"Lepeophtheirus salmonis salmonis",3923
"Limacina helicina",0.144943689992835,4.61002638522427,0.259177712404993,1939,"Limacina helicina",4846
"Lithodidae",1.49987472248909,2.09961798413165,0.519392900331342,3,"Lithodidae",2822
"Littorinidae",0.00299964085891441,0.00300204327552785,1.50678145444353e-06,39,"Littorinidae",5740
"Lobata",2.40000353671746,3.50023331777881,1.55595987810375,2,"Lobata",2650
"Lopadorhynchus",2.10969658391683,2.10969658391683,NA,1,"Lopadorrhynchus",4643
"Lophothrix frontalis",2.6321735482832,2.9426523297491,0.5499736198812,27,"Lophothrix frontalis",1305
"Loricoecia ctenophora",0.1,0.1,NA,1,"Loricoecia ctenophora",4466
"Loricoecia loricata",0.0999419279907085,0.1,8.21262231343509e-05,2,"Loricoecia loricata",4467
"Lubbockia",0.010896333038251,0.0176169122357463,0.00662840375609227,43,"Lubbockia",3927
"Lucicutia flavicornis",0.00565957747632221,0.00804020100502513,0.00120378265689121,700,"Lucicutia flavicornis",1324
"Lucicutia ovalis",0.00451127819548872,0.00451127819548872,NA,1,"Lucicutia ovalis",1342
"Lycaea",1.47060545500452,1.90034364261168,0.524407871869302,37,"Lycaea",109
"Magelonidae",0.084468422129732,0.3370232708468,0.03146537212749,69,"Magelonidae",5765
"Majidae",0.322835826491052,2.10086264100863,0.423854627042661,195,"Majidae",2831
"Maupasia coeca",0.675618602322313,3.10094097519247,1.01254483867145,8,"Maupasia coeca",4653
"Melicertum octocostatum",6.67561505329115,13.0011689070719,8.94568404953812,2,"Melicertum octocostatum",3281
"Melphidippa",2.00015205655272,3.40010887316276,1.27862187133707,5,"Melphidippa",124
"Mesocalanus tenuicornis",0.0238648642416218,0.04014272970562,0.00995620295508972,1037,"Mesocalanus tenuicornis",1394
"Mesosagitta decipiens",0.711496729429756,0.941176470588235,0.305856533588699,482,"Decipisagitta decipiens",2519
"Mesosagitta minima",0.100527924583861,0.940032679738562,0.096618550129496,429,"Mesosagitta minima",2544
"Metacarcinus  magister",5.00767443615831,16.2014879107254,3.36088176149592,405,"Metacarcinus magister",2839
"Metaconchoecia",0.0999993339206665,0.100027956388035,1.24973769314541e-05,182,"Metaconchoecia",4477
"Meterythrops robusta",4.40274279918334,5.60137242669994,1.14918142847934,82,"Meterythrops robustus",3569
"Metridia assymetrica",0.592032247932154,0.592032247932154,NA,1,"Metridia asymmetrica",1414
"Metridia curticauda",0.17000094357776,0.183993164340644,0.0197879883705888,2,"Metridia curticauda",1419
"Metridia okhotensis",0.367959261406441,0.592001249804718,0.0970515539343128,84,"Metridia okhotensis",1430
"Metridia pacifica",0.0824630742789442,0.136039732239257,0.0361050363022902,2118,"Metridia pacifica",1432
"Metridia pseudopacifica",0.0826699369404637,0.125020018149789,0.0387029289201914,653,"Metridia pseudopacifica",6183
"Microcalanus pusillus",0.00273768634289737,0.00353489771359807,0.000603663007537096,1062,"Microcalanus pusillus",1440
"Microcalanus pygmaeus",0.00528449037758113,0.00801078474580665,0.00163336574167437,491,"Microcalanus pygmaeus",1441
"Microsetella norvegica",0.00150130564012689,0.00156794425087108,1.54401118253121e-05,30,"Microsetella norvegica",3957
"Microsetella rosea",0.00147791482920804,0.00153262886182141,0.000106836138528463,65,"Microsetella rosea",3958
"Mikroconchoecia",0.0999996602830566,0.100033344448149,8.99903136773275e-06,42,"Mikroconchoecia",4491
"Mimonectes loveni",0.0399653979238754,0.0399653979238754,NA,1,"Mimonectes loveni",127
"Mitrocoma",12.4891191321885,13.0096463022508,1.57960984041776,864,"Mitrocoma",3286
"Mitrocomella",3.09994481353727,3.1002989040186,0.000500759561007172,2,"Mitrocomella",3289
"Mixtocalanus",0.309952038369305,0.309952038369305,NA,1,"Mixtocalanus",1461
"Modeeria rotunda",16.8726153846154,16.8726153846154,NA,1,"Modeeria rotunda",3296
"Muggiaea atlantica",0.640892403754238,2.41977611940298,0.370952741875914,640,"Muggiaea atlantica",5121
"Myctophiformes",34.5533413285446,139.664082687338,33.5745992802477,423,"Myctophiformes",5816
"Nanomia bijuga",0.21504403983285,0.97250358157187,0.182690280813603,273,"Nanomia bijuga",5125
"Nematobrachion",8.88947546143003,12.0048030739673,4.99262505620996,26,"Nematobrachion",3033
"Nematoscelis",6.58150512300712,16.0075675675676,6.87615992079188,108,"Nematoscelis",3036
"Neocalanus cristatus",1.48300290446206,2.73027798647633,0.269668776600411,1632,"Neocalanus cristatus",1475
"Neocalanus flemingeri",0.38702788505552,0.538158366176997,0.081623405557457,278,"Neocalanus flemingeri",1476
"Neocalanus plumchrus",0.503254687624412,0.63855421686747,0.10033987265928,945,"Neocalanus plumchrus",1478
"Neomormonilla minor",0.000999096055949379,0.000999096055949379,NA,1,"Neomormonilla minor",4045
"Neomysis",3.39583567257596,6.6999425409018,2.28810769419665,41,"Neomysis",3604
"Nullosetigera bidentatus",0.0289961948678323,0.0289972789668196,1.53314749080113e-06,2,"Nullosetigera bidentata",1502
"Nullosetigera integer",0.0293542074363992,0.0293542074363992,NA,1,"Nullosetigera integer",1506
"Nyctiphanes simplex",1.51522262278695,5.39993617268191,2.17672515455463,5,"Nyctiphanes simplex",3041
"Obelia",0.525779055702023,1.08000710497602,0.120875283291424,45,"Obelia",3310
"Octopoda",2.31048005133495,4.30208333333333,0.950769599620257,95,"Octopoda",5852
"Oedicerotidae",0.803317847529288,2.20008532423208,0.448512366337485,12,"Oedicerotidae",132
"Oikopleura dioica",0.0703830678695277,0.200003726615488,0.00704740998965845,1018,"Oikopleura (Vexillaria) dioica",305
"Oikopleura labradoriensis",0.21597280036993,0.610193826274228,0.0741244262996052,798,"Oikopleura (Vexillaria) labradoriensis",308
"Oikopleura longicauda",0.102188973787696,0.53000397573519,0.0867712570872495,151,"Oikopleura (Coecaria) longicauda",300
"Oithona atlantica",0.00235983593270206,0.00253228665484933,0.000139302518579608,2590,"Oithona atlantica",4057
"Oithona setigera",0.00276321345108206,0.00422896990887693,0.000249216541547231,234,"Oithona setigera setigera",4090
"Oithona similis",0.00138226293909789,0.00151020607005408,0.000175320681031082,2940,"Oithona similis",4091
"Oithona tenuis",0.00119548360829901,0.00121131603626133,1.54046509607009e-05,11,"Oithona tenuis",4093
"Oncaea englishi",0.00130763065761168,0.00130763065761168,NA,1,"Oncaea englishi",4116
"Oncaea grossa",0.000897646910504932,0.000901945625563716,4.30165666178936e-06,4,"Oncaea grossa",4119
"Oncaea parila",0.000898495795299562,0.000901284507841885,4.22171718167914e-06,3,"Oncaea parila",4145
"Oncaea prolata",0.0009914907812848,0.00101708706265256,2.97434016715492e-05,262,"Oncaea prolata",4149
"Onchocalanus cristatus",3.51084337349398,3.51084337349398,NA,1,"Onchocalanus cristatus",1517
"Opisa tridentata",4.21959027299982,4.22086956521739,0.00130698015388483,3,"Opisa tridentata",136
"Oplophoridae",33.9609421884107,65.009185548071,19.6340492089627,5,"Oplophoridae",2859
"Orchomenella",2.88967048884294,17.2838244137102,4.09748078954435,76,"Orchomenella",139
"Oregoniidae",2.38101301586264,14.1047687861272,4.94300396914014,123,"Oregoniidae",2865
"Orthoconchoecia bispinosa",0.200029023839176,0.200083542188805,4.72472419836494e-05,3,"Orthoconchoecia bispinosa",4512
"Orthoconchoecia haddoni",0.200007996321692,0.200007996321692,NA,1,"Orthoconchoecia haddoni",4513
"Orthoconchoecia striola",0.199997263379466,0.200603318250377,9.43391014354532e-05,137,"Orthoconchoecia striola",4515
"Osmeriformes",21.5084360467763,76.3340540540541,27.9186739183809,133,"Osmeriformes",5890
"Oweniidae",0.0220000128291577,0.022006805766992,1.37981289133988e-06,77,"Oweniidae",5892
"Oxycephalus",5.60525224709932,6.50172771250864,2.1846205324861,13,"Oxycephalus",142
"Pacifacanthomysis nephrophthalma",1.69860241528139,2.36067827681027,0.752779001740599,84,"Pacifacanthomysis nephrophthalma",3615
"Paguridae",0.205925605463003,0.650195058517555,0.0898801562699579,487,"Paguridae",2869
"Pandalidae",15.8652683250022,36.7652542372881,15.3817186079145,592,"Pandalidae",2892
"Pandeidae",2.22472982087404,8.64201183431953,2.15681724581417,167,"Pandeidae",3331
"Panopeidae",1.2191563200526,2.09983929288871,0.131253529657332,47,"Panopeidae",2905
"Pantachogon",23.1525766319662,23.1526329858327,7.96964023083055e-05,2,"Pantachogon",3332
"Paracalanus indicus",0.00632309030601525,0.00753730195354561,0.000952692655758285,1143,"Paracalanus indicus",1539
"Paracalanus parvus",0.00545987960420477,0.00653055096832307,0.00107148465702244,759,"Paracalanus parvus parvus",1542
"Paracalanus quasimodo",0.00668137139063726,0.00800696257615318,0.00135790651344799,88,"Paracalanus quasimodo",1544
"Paraconchoecia",0.649992870474712,0.650024688648708,1.74198990337975e-05,12,"Paraconchoecia",4516
"Paradoxostoma",0.649988265665337,0.649988265665337,NA,1,"Paradoxostoma",4531
"Paraeuchaeta birostrata",0.791190864600326,0.791190864600326,NA,1,"Paraeuchaeta birostrata",1580
"Paraeuchaeta elongata",1.14056124007752,1.67050847457627,0.27934563292084,1229,"Paraeuchaeta elongata",1591
"Paraeuchaeta glacialis",2.25935059597205,2.25935059597205,NA,1,"Paraeuchaeta glacialis",1598
"Paraeuchaeta pseudotonsa",1.36296583850932,1.36296583850932,NA,1,"Paraeuchaeta pseudotonsa",1629
"Paraeuchaeta rubra",1.4131445009958,1.4131445009958,NA,1,"Paraeuchaeta rubra",1635
"Paraeuchaeta tonsa",1.38883507110232,1.41359223300971,0.075823442239698,10,"Paraeuchaeta tonsa",1645
"Paraeuchaeta tuberculata",0.930176077717061,0.930176077717061,NA,1,"Paraeuchaeta tuberculata",1648
"Paramollicia dichotoma",0.1,0.1,NA,1,"Paramollicia dichotoma",4535
"Paraphronima crassipes",2.59005341041108,2.59118541033435,0.00053338052340115,15,"Paraphronima crassipes",153
"Paraphronima gracilis",2.48070203310587,2.59078212290503,0.469768949740696,38,"Paraphronima gracilis",154
"Parasagitta elegans",0.698906798476527,1.0504854368932,0.285211143710927,2917,"Parasagitta elegans",2546
"Parasagitta euneritica",0.802286184870629,1.10048848569435,0.324555922147595,977,"Parasagitta euneritica",2547
"Pareucalanus parki",1.10651565766222,1.31034482758621,0.392734086702361,18,"Pareucalanus parki",1712
"Pasiphaeidae",23.5531735102504,66.5268817204301,25.5283457226323,224,"Pasiphaeidae",2924
"Peachia",0.511704519510397,1.10036026762738,0.253934705440293,47,"Peachia",5916
"Pectinariidae",0.0800006108008485,0.0800160542926989,3.15603616232945e-06,71,"Pectinariidae",4679
"Pelagobia longicirrata",0.14074552225513,1.57506740456932,0.25651313150152,73,"Pelagobia longicirrata",4681
"Perciformes",3.32327717896772,126.025017373176,10.737423091128,298,"Perciformes",5926
"Phaenna spinifera",0.0402597402597403,0.0402597402597403,NA,1,"Phaenna spinifera",1743
"Philomedidae",0.499832135721527,0.5,0.000164482927369363,5,"Philomedidae",4547
"Phronima atlantica",1.71366005331933,1.99504132231405,0.300129453208082,3,"Phronima atlantica",165
"Phronima sedentaria",10.4973389792243,16.1064278187566,5.82712660205999,125,"Phronima sedentaria",166
"Phronima stebbingii",1.52998874417109,2.05997748834218,0.749517269911839,2,"Phronima stebbingi",167
"Phronimopsis spinifera",0.187060041770538,0.187064045656309,5.66234955971839e-06,2,"Phronimopsis spinifera",173
"Phyllodocidae",0.0339999780256401,0.0340178084681083,5.05528187323743e-06,51,"Phyllodocidae",4690
"Pinnotheridae",0.184746437687699,0.260329901859109,0.0753126400173151,189,"Pinnotheridae",2948
"Platyscelus",0.248833592534992,0.248833592534992,NA,1,"Platyscelus",181
"Pleurobrachia",1.74738268056676,5.18823529411765,1.08188162242047,952,"Pleurobrachia",2659
"Pleuromamma",0.254223926729613,0.723066298342541,0.182671473057039,275,"Pleuromamma",1758
"Pleuronectiformes",2.06979298017909,12.8043641835967,3.27719369343286,510,"Pleuronectiformes",5954
"Plotocnide borealis",0.0350002665671483,0.0350002665671483,NA,1,"Plotocnide borealis",3355
"Plotohelmis",3.4446672380544,6.40127727514635,3.09044800916898,12,"Plotohelmis",4696
"Pneumoderma atlanticum",5.09294924130313,7.60535714285714,2.02669319329289,71,"Pneumoderma violaceum",4865
"Podon",0.00500009830634292,0.00504159314343332,3.16881339538794e-06,621,"Podon",2582
"Poeobius meseres",1.3025633202263,1.38046875,0.195108082985835,38,"Poeobius meseres",4699
"Polygordius",0.0220000448537389,0.0220015652514185,6.91714118778246e-07,11,"Polygordius",5965
"Polynoidae",0.110777392708881,2.80027803521779,0.212921312201218,330,"Polynoidae",4707
"Polyorchis penicillatus",16.8700175746453,16.8729372937294,0.00176409840701004,5,"Polyorchis penicillatus",3362
"Porcellanidae",0.280294911824711,0.613088235294118,0.233596206982736,177,"Porcellanidae",2963
"Porcellidiidae",0.0100014853691142,0.0100014853691142,NA,1,"Porcellidiidae",4218
"Porroecia",0.0999948086287086,0.0999981671890178,4.74972153927482e-06,2,"Porroecia",4549
"Praya",11.0549698795181,15.1118421052632,5.73728372246342,2,"Praya",5141
"Primno abyssalis",2.84723118836174,4.90261780104712,1.72550462897454,835,"Primno abyssalis",194
"Primno brevidens",0.865110913431158,1.46062992125984,0.528102372645768,124,"Primno brevidens",195
"Proboscidactyla",1.18714567190453,1.25050505050505,0.136262106158785,458,"Proboscidactyla",3366
"Proceroecia brachyaskos",0.000997484604041981,0.000997484604041981,NA,1,"Proceroecia brachyaskos",4554
"Pseudoamallothrix inornata",0.081973293768546,0.081973293768546,NA,1,"Pseudoamallothrix inornata",1885
"Pseudoamallothrix ovata",0.0732937774126471,0.0820559062218215,0.0148317560160785,140,"Pseudoamallothrix ovata",1889
"Pseudocalanus mimus",0.0105161579914624,0.013017168589924,0.00140387402875584,2648,"Pseudocalanus mimus",1896
"Pseudocalanus minutus",0.00913524063758102,0.0210329258892193,0.00451913449623195,1023,"Pseudocalanus minutus",1897
"Pseudocalanus moultoni",0.011389455113433,0.0180112970265374,0.00391567462040382,1293,"Pseudocalanus moultoni",1898
"Pseudocalanus newmani",0.0100409996448856,0.0120151770657673,0.0015342217086791,947,"Pseudocalanus newmani",1899
"Pseudochirella",2.90042501517911,2.90042501517911,NA,1,"Pseudochirella",1900
"Pseudomma berkeleyi",2.36027190332326,2.36027190332326,NA,1,"Pseudomma berkeleyi",3627
"Pseudomma truncatum",2.33344607489572,2.36038961038961,0.0957890779273578,13,"Pseudomma truncatum",3631
"Pseudosagitta maxima",8.07881950193396,8.90378378378379,2.41902822393789,91,"Pseudosagitta maxima",2554
"Pseudosagitta scrippsae",5.85980697312233,6.50524737631185,1.46585038326089,1230,"Pseudosagitta lyra",2553
"Ptychogena lactea",8.53870072838054,9.8042372881356,2.83831192867778,10,"Ptychogena lactea",3380
"Racovitzanus antarcticus",0.0587963768656605,0.0950335570469798,0.0255546683064415,865,"Racovitzanus antarcticus",2066
"Rathkea",0.879975635779737,0.880027016595909,8.20403990006214e-05,13,"Rathkea",3383
"Rhachotropis",1.33005477430518,2.14998063516654,1.15955027257056,2,"Rhachotropis",206
"Rhincalanus nasutus",0.37499086326003,0.375002266586883,1.61267394920141e-05,2,"Rhincalanus nasutus",2078
"Rhynchonereella",9.32530743601538,9.50811688311688,1.19608740175647,47,"Rhynchonereella",4713
"Sagitella kowalevskii",1.89966405414116,2.40131578947368,0.863767461255658,42,"Sagitella kowalewskii",4723
"Salpa aspera",4.31189903254423,6.2025974025974,1.48111353648176,132,"Salpa aspera",5234
"Salpa fusiformis",11.8240456509068,13.0043103448276,1.62887914268212,93,"Salpa fusiformis",5235
"Salpa maxima",122.000736307602,122.085457271364,0.035739274156939,9,"Salpa maxima",5236
"Sapphirina",0.113606708912739,0.150275373721479,0.03934843178711,48,"Sapphirina",4246
"Sarsia",2.03909695288424,11.3012376237624,2.11520762177492,127,"Sarsia",3392
"Scaphocalanus brevicornis",0.0783029310412854,0.0997433401185946,0.0202323929962545,123,"Scaphocalanus brevicornis",2126
"Scaphocalanus echinatus",0.0662377094710532,0.0760240366062076,0.0152515323161299,59,"Scaphocalanus echinatus",2132
"Scaphocalanus magnus",0.956204145325095,0.997366110623354,0.125194291680037,28,"Scaphocalanus magnus",2141
"Scaphocalanus subbrevicornis",0.0405015484727221,0.0580173595248972,0.0103220952617817,62,"Scaphocalanus subbrevicornis",2148
"Scina borealis",2.24092547849343,2.59105691056911,0.682023162948356,136,"Scina borealis",211
"Scina crassicornis",2.59005726804408,2.59013406221528,0.000108603358424582,2,"Scina crassicornis",212
"Scina keilhacki",2.58938367738083,2.58972625887124,0.000484483389962874,2,"Scina rattrayi keilhacki",215
"Scina nana",2.59022544737316,2.59078341013825,0.000484590737075171,3,"Scina nana",213
"Scina rattrayi",2.58993978562117,2.59032658123191,0.00033816374076224,3,"Scina rattrayi",214
"Scleroconcha trituberculata",0.213859317179209,0.213947617544967,0.000124875574817537,2,"Scleroconcha trituberculata",4564
"Scolecithricella globulosa",0.0549728659473309,0.0550051785473049,6.77817537481578e-05,8,"Scolecithricella globulosa",2155
"Scolecithricella minor",0.00788960899221659,0.0110160892883027,0.00224632824561645,2009,"Scolecithricella minor minor",2161
"Scolecithrix",0.0835506764445908,0.086569064290261,0.0026163771426015,3,"Scolecithrix",2171
"Scorpaeniformes",3.15381419087774,12.8021939136589,2.06351901471174,938,"Scorpaeniformes",6052
"Scottocalanus",1.26642319805563,1.37224199288256,0.145089178657925,21,"Scottocalanus",2202
"Sergestidae",11.7659865706217,24.6728723404255,9.78663218044495,230,"Sergestidae",2985
"Serratosagitta bierii",0.728896977113885,1.05010064862447,0.389829766503672,41,"Serratosagitta bierii",2563
"Solidosagitta zetesios",6.75048994568139,6.75217048145225,0.00107757800054693,6,"Solidosagitta zetesios",2571
"Solmissus",20.3528462458619,21.0332103321033,2.71387353511111,427,"Solmissus",3413
"Sphaeronectes",1.09992099043045,1.10005002501251,0.000116561014452078,3,"Sphaeronectes",5165
"Spinocalanus brevicaudatus",0.053716388317237,0.0660124628734494,0.0131902237018446,123,"Spinocalanus brevicaudatus",2240
"Spinocalanus horridus",0.1259986226449,0.185003627869114,0.0834456786359777,2,"Spinocalanus horridus",2246
"Spinocalanus longicornis",0.00923545735285982,0.0120027493770943,0.00188323383154215,161,"Spinocalanus longicornis",2247
"Spinocalanus magnus",0.066997734797003,0.066997734797003,NA,1,"Spinocalanus magnus",2249
"Spinocalanus polaris",0.0949950932286556,0.0949950932286556,NA,1,"Spinocalanus polaris",2251
"Spionidae",0.0848957530895295,1.08003233629749,0.0685205976768342,854,"Spionidae",4730
"Staurophora mertensi",15.6000934002293,15.6112115732369,0.0115059974052764,3,"Staurostoma mertensii",3429
"Stilipes distinctus",1.20566061160214,2.589417280643,1.19836843194916,3,"Stilipes distinctus",224
"Streetsia challengeri",2.58981881969097,2.59135135135135,0.000622433449946834,21,"Streetsia challengeri",226
"Streetsia porcella",2.59135559921415,2.59135559921415,NA,1,"Streetsia porcella",227
"Streetsia steenstrupi",2.59003601440576,2.59003601440576,NA,1,"Streetsia steenstrupi",228
"Stylocheiron",3.3608357605208,40.5020215633423,7.78776133849815,211,"Stylocheiron",3043
"Sulculeolaria biloba",2.94288407499016,3.40053683268715,1.03306023836648,17,"Sulculeolaria biloba",5173
"Sulculeolaria quadrivalvis",3.39917055469155,3.39917055469155,NA,1,"Sulculeolaria quadrivalvis",5176
"Syllidae",0.927222135515009,2.80023432923257,0.526179721851134,61,"Syllidae",4737
"Tessarabrachion oculatum",3.97059631376918,8.75301764159703,3.31167875150889,369,"Tessarabrachion oculatum",3048
"Teuthida",7.43163751701923,15.6038543897216,3.04558415625306,207,"Teuthida",6133
"Thalassocalyce inconstans",2.81903589655372,3.60096153846154,1.08105707097131,63,"Thalassocalyce inconstans",2664
"Thalia democratica",0.211268128811744,0.238650503039568,0.0387245250029633,2,"Thalia democratica",5243
"Tharybis fultoni",0.0614563095592144,0.0820040899795501,0.014345351659581,12,"Tharybis fultoni",2350
"Themisto libellula",14.5450731534152,16.9055007052186,5.84967298066753,7,"Themisto libellula",242
"Themisto pacifica",3.46130131722057,5.70350109409191,1.90680890189137,1875,"Themisto pacifica",243
"Thliptodon diaphanus",2.63338652187646,5.90022599815853,1.95724507822901,6,"Thliptodon diaphanus",4881
"Thysanoessa gregaria",3.77537818752744,5.06058751529988,1.45039870534821,41,"Thysanoessa gregaria",3050
"Thysanoessa inermis",7.38368102362379,11.6017278617711,4.51360868553146,77,"Thysanoessa inermis",3051
"Thysanoessa inspinata",5.62727004417656,11.6645344705046,3.43859108448276,1024,"Thysanoessa inspinata",3052
"Thysanoessa longipes",9.06382043104881,21.2956129561296,8.78768823720332,254,"Thysanoessa longipes",3054
"Thysanoessa raschii",9.50950632208475,15.2017229002154,6.06609150072602,34,"Thysanoessa raschii",3057
"Thysanoessa spinifera",8.76444537513089,46.8387339864356,11.3433856542869,1954,"Thysanoessa spinifera",3058
"Thysanopoda acutifrons",1.26575931232092,1.26575931232092,NA,1,"Thysanopoda acutifrons",3061
"Tiaropsidium kelseyi",15.1834666000867,23.1586748038361,10.9997416896819,8,"Tiaropsidium kelseyi",3440
"Tomopteris cavallii",0.457922882023274,3.39964539007092,0.417873214302141,192,"Tomopteris cavallii",4755
"Tomopteris elegans",0.396884800542177,1.60016057808109,0.194603274999974,200,"Tomopteris elegans",4753
"Tomopteris pacifica",4.46479139428114,5.50265957446808,1.84867608699136,117,"Tomopteris (Johnstonella) pacifica",4753
"Tomopteris septentrionalis",2.06932990484566,3.4012539184953,1.32047353198587,863,"Tomopteris septentrionalis",4761
"Tortanus discaudatus",0.00915301852589545,0.0150040771948899,0.00330575490574046,292,"Tortanus (Boreotortanus) discaudatus",2405
"Travisiopsis levinseni",0.4,0.4,NA,1,"Travisiopsis levinseni",4767
"Travisiopsis lobifera",1.82542602665417,3.40145102781137,1.51243100230159,61,"Travisiopsis lobifera",4768
"Triconia borealis",0.00289558441124257,0.00302561215873909,0.000330536037836391,321,"Triconia borealis",4318
"Triconia canadensis",0.00398727848637636,0.00399901864573111,1.30124843787265e-05,6,"Triconia canadensis",4319
"Triconia conifera",0.00371765636211714,0.00402669755640135,0.000525116817819826,248,"Triconia conifera",4320
"Tryphana malmi",2.47453579458132,2.59463986599665,0.484558947491821,53,"Tryphana malmii",248
"Typhloscolex",0.226905019482021,3.20036934441367,0.429001989415708,222,"Typhloscolex",4770
"Undeuchaeta intermedia",0.69464476949142,0.73559589581689,0.098662083798775,20,"Undeuchaeta intermedia",2418
"Undeuchaeta major",0.896151053013798,0.896151053013798,NA,1,"Undeuchaeta major",2420
"Undeuchaeta plumosa",0.336134838367012,0.341169379144063,0.0211001554472914,19,"Undeuchaeta plumosa",2421
"Undinella",0.112009097185558,0.112009097185558,NA,1,"Undinella",2422
"Urocopiidae",0.130040439102062,0.150065746219592,0.0283200609162979,2,"Urocopiidae",4346
"Varunidae",0.125960430468451,0.126002673796791,4.24253812131732e-05,6,"Varunidae",3005
"Velella velella",2.14143512002739,4.00059206631143,1.20378238276008,18,"Velella velella",3456
"Vibilia armata",0.970086349972594,0.97011952191235,5.28857758552827e-05,4,"Vibilia armata",256
"Vibilia australis",1.37763384956505,1.50044365572316,0.297188815643241,105,"Vibilia australis",257
"Vibilia caeca",0.576027218005758,0.576027218005758,NA,1,"Vibilia caeca",258
"Vibilia cultripes",5.37502291010869,5.60015649452269,0.449510382985768,4,"Vibilia cultripes",259
"Vibilia propinqua",4.40863770628217,4.7016835016835,0.699798165729913,221,"Vibilia propinqua",261
"Vogtia serrata",2.34988526313508,3.49974186886939,1.62614280661375,2,"Vogtia serrata",5182
"Vogtia spinosa",3.03993220167853,3.5007422068283,1.02843320416206,5,"Vogtia spinosa",5183
"Xanthidae",0.0640015622521037,0.0641842234198922,6.09529455696236e-05,30,"Xanthidae",3007
"Xanthocalanus",0.341076487252125,0.341076487252125,NA,1,"Xanthocalanus",2453
"Xenacanthomysis pseudomacropsis",3.81792752103748,5.00066467264872,1.20351895284574,15,"Xenacanthomysis pseudomacropsis",3643
