ID,Species,Dend.Order,OG.taxa.order,fungrp.og,fungrp
29,Paracalanus indicus,110,115,1,1
28,Acartia danae,2,114,1,1
27,Lucicutia flavicornis,76,113,1,1
26,Calocalanus tenuis,25,112,1,1
25,Paracalanus quasimodo,112,111,1,1
24,Calocalanus pavoninus,23,110,1,1
23,Ctenocalanus vanus,43,109,1,1
22,Microcalanus pygmaeus,87,108,1,1
21,Microcalanus pusillus,86,107,1,1
20,Calocalanus styliremis,24,106,1,1
19,Acartia hudsonica,3,105,1,1
18,Spinocalanus longicornis,144,104,1,1
17,Scolecithricella minor,140,103,1,1
16,Paracalanus parvus,111,102,1,1
15,Acartia longiremis,4,101,1,1
14,Mesocalanus tenuicornis,78,100,1,1
13,Centropages abdominalis,28,99,1,1
12,Clausocalanus lividus,31,98,1,1
11,Aetideus divergens,9,97,1,1
10,Acartia arbruta,1,96,1,1
8,Calanus pacificus,21,94,1,1
9,Limacina helicina,74,95,1,1
7,Doliopsis,50,93,1,1
6,Doliolidae,49,92,1,1
5,Oikopleura labradoriensis,100,91,1,1
4,Oikopleura longicauda,101,90,1,1
3,Oikopleura dioica,99,89,1,1
2,Fritillaria pellucida,62,88,1,1
1,Fritillaria borealis,61,87,1,1
71,Salpa fusiformis,133,86,9,2
70,Cyclosalpa bakeri,44,85,9,2
69,Salpa aspera,132,84,9,2
68,Thysanoessa gregaria,148,163,6,3
67,Euphausia pacifica,58,162,6,3
66,Thysanoessa spinifera,153,161,6,3
65,Thysanoessa raschii,152,160,6,3
64,Thysanoessa inermis,149,159,6,3
63,Thysanoessa longipes,151,158,6,3
62,Tessarabrachion oculatum,146,157,6,3
61,Thysanoessa inspinata,150,156,6,3
60,Eucalanus hyalinus,54,155,6,3
59,Eucalanus californicus,53,154,6,3
58,Neocalanus flemingeri,95,153,6,3
57,Neocalanus plumchrus,96,152,6,3
56,Neocalanus cristatus,94,151,6,3
55,Pleuromamma,119,150,6,3
54,Eucalanus bungii,52,149,6,3
53,Calanus marshallae,20,148,6,3
52,Gaetanus pungens,64,147,6,3
51,Gaetanus minutus,63,146,6,3
50,Metridia okhotensis,83,145,6,3
80,Metridia pseudopacifica,85,124,4,4
79,Metridia pacifica,84,123,4,4
78,Scaphocalanus echinatus,137,122,4,4
77,Racovitzanus antarcticus,131,121,4,4
76,Scaphocalanus brevicornis,136,120,4,4
75,Spinocalanus brevicaudatus,143,119,4,4
74,Tortanus discaudatus,158,118,4,4
73,Aetideus arcuatus,8,117,4,4
72,Aetideus pacificus,10,116,4,4
100,Epilabidocera longipedata,51,144,4,4
99,Candacia bipinnata,26,143,4,4
98,Candacia columbiae,27,142,4,4
97,Heterostylites major,69,141,4,4
96,Gaetanus simplex,65,140,4,4
95,Heterorhabdus tanneri,67,139,4,4
94,Heterorhabdus papilliger,66,138,4,4
93,Heterostylites longicornis,68,137,4,4
92,Mikroconchoecia,89,136,4,4
91,Discoconchoecia elegans,47,135,4,4
90,Discoconchoecia pseudodiscophora,48,134,4,4
89,Alacia minor,13,133,4,4
88,Metaconchoecia,81,132,4,4
87,Pseudoamallothrix ovata,124,131,4,4
86,Scaphocalanus subbrevicornis,138,130,4,4
85,Orthoconchoecia striola,107,129,4,4
84,Conchoecia lophura,40,128,4,4
83,Conchoecia rudjakovi,41,127,4,4
82,Conchoecetta giesbrechti,39,126,4,4
81,Alacia pseudoalata,14,125,4,4
102,Solmissus,142,72,5,5
101,Aglantha,12,71,5,5
109,Pandeidae,109,79,5,5
108,Clytia,38,78,5,5
107,Eutonina indicans,60,77,5,5
106,Clione limacina,36,76,5,5
110,Pleurobrachia,118,80,5,5
111,Pneumoderma atlanticum,120,81,5,5
113,Tomopteris septentrionalis,157,83,5,5
112,Tomopteris pacifica,156,82,5,5
105,Tomopteris elegans,155,75,5,5
104,Tomopteris cavallii,154,74,5,5
103,Obelia,98,73,5,5
132,Parasagitta euneritica,116,70,10,6
131,Parasagitta elegans,115,69,10,6
130,Serratosagitta bierii,141,68,10,6
129,Mesosagitta decipiens,79,67,10,6
128,Mesosagitta minima,80,66,10,6
127,Pseudosagitta scrippsae,130,65,10,6
126,Pseudosagitta maxima,129,64,10,6
163,Amphicaryon ernesti,15,63,2,7
162,Agalma elegans,11,62,2,7
161,Muggiaea atlantica,91,61,2,7
160,Dimophyes arctica,46,60,2,7
159,Nanomia bijuga,92,59,2,7
158,Aequorea,7,58,2,7
157,Aeginidae,5,57,2,7
156,Lensia conoidea,73,56,2,7
155,Proboscidactyla,123,55,2,7
154,Bougainvillia,18,54,2,7
153,Euphysa,59,53,2,7
152,Sarsia,135,52,2,7
151,Beroe,17,51,2,7
150,Mitrocoma,90,50,2,7
149,Pseudocalanus newmani,128,17,8,8
148,Pseudocalanus minutus,126,16,8,8
147,Pseudocalanus moultoni,127,15,8,8
146,Pseudocalanus mimus,125,14,8,8
145,Clausocalanus arcuicornis,30,13,8,8
144,Triconia borealis,159,12,8,8
143,Oithona setigera,103,11,8,8
142,Oithona atlantica,102,10,8,8
141,Lubbockia,75,9,8,8
140,Clausocalanus pergens,34,8,8,8
139,Clausocalanus paululus,33,7,8,8
138,Clausocalanus parapergens,32,6,8,8
137,Oithona similis,104,5,8,8
136,Clytemnestra,37,4,8,8
135,Oncaea prolata,105,3,8,8
134,Microsetella rosea,88,2,8,8
133,Triconia conifera,160,1,8,8
125,Stylocheiron,145,29,3,9
124,Arietellus plumifer,16,28,3,9
123,Nematoscelis,93,27,3,9
122,Meterythrops robusta,82,26,3,9
121,Caesaromysis hispida,19,25,3,9
120,Neomysis,97,24,3,9
119,Pacifacanthomysis nephrophthalma,108,23,3,9
118,Clio pyramidata,35,22,3,9
117,Chiridius gracilis,29,21,3,9
116,Aegisthus mucronatus,6,20,3,9
115,Euchirella pseudopulchra,55,19,3,9
114,Euchirella rostrata,56,18,3,9
49,Primno brevidens,122,49,7,10
48,Hyperoche mediterranea,71,48,7,10
47,Sapphirina,134,47,7,10
46,Paraeuchaeta elongata,113,46,7,10
45,Phronima sedentaria,117,45,7,10
44,Hyperoche medusarum,72,44,7,10
43,Hyperia medusarum,70,43,7,10
42,Cyphocaris challengeri,45,42,7,10
41,Vibilia propinqua,163,41,7,10
40,Calliopius,22,40,7,10
39,Themisto pacifica,147,39,7,10
38,Tryphana malmi,161,38,7,10
37,Paraphronima gracilis,114,37,7,10
36,Scina borealis,139,36,7,10
35,Orchomenella,106,35,7,10
34,Primno abyssalis,121,34,7,10
33,Vibilia australis,162,33,7,10
32,Lycaea,77,32,7,10
31,Eukrohnia hamata,57,31,7,10
30,Corycaeus anglicus,42,30,7,10
